ra_game_id,title,category,achievements,ra_hashes,status,local_roms,local_releases,dat_entries,dat_games,nointro_db_files,nointro_db_titles,local_sources,other_platform_db
10236,SNK vs. Capcom: The Match of the Millennium,Official,69,2,local,2,,0,,1,"SNK vs. Capcom - The Match of the Millennium (World) (En,Ja)",retroachievements,
10297,Dark Arms,Official,82,2,local,2,"Dark Arms - Beast Buster 1999 (World) (En,Ja)",3,"Dark Arms - Beast Buster 1999 (World) (En,Ja)",1,"Dark Arms - Beast Buster 1999 (World) (En,Ja)","nointro,retroachievements",
10345,Picture Puzzle,Official,48,1,local,1,Picture Puzzle (Europe),3,Picture Puzzle (Europe),0,,nointro,
11572,Biomotor Unitron,Official,29,1,local,1,"Biomotor Unitron (USA, Europe)",3,"Biomotor Unitron (USA, Europe)",0,,"nointro,retroachievements",
11573,Bust-A-Move Pocket,Official,24,1,local,1,Bust-A-Move Pocket (USA),3,Bust-A-Move Pocket (USA),0,,nointro,
11691,Metal Slug: 1st Mission,Official,62,1,local,1,,0,,1,"Metal Slug - 1st Mission (World) (En,Ja)",retroachievements,
11692,Cotton: Fantastic Night Dreams,Official,22,1,local,1,Fantastic Night Dreams - Cotton (Europe),3,Fantastic Night Dreams - Cotton (Europe),0,,"nointro,retroachievements",
11719,Sonic the Hedgehog: Pocket Adventure,Official,37,2,local,2,"Sonic The Hedgehog - Pocket Adventure (World) (En,Ja)",3,"Sonic The Hedgehog - Pocket Adventure (World) (En,Ja)",1,"Sonic The Hedgehog - Pocket Adventure (World) (En,Ja)","nointro,retroachievements",
11766,Metal Slug: 2nd Mission,Official,141,1,local,1,,0,,1,"Metal Slug - 2nd Mission (World) (En,Ja)",retroachievements,
12895,Rockman Battle & Fighters,Official,60,4,local,3,Rockman - Battle & Fighters (Japan),3,Rockman - Battle & Fighters (Japan),1,Rockman - Battle & Fighters (Japan),"nointro,retroachievements",
13167,Faselei!,Official,55,1,local,1,"Faselei! (USA, Europe)",3,"Faselei! (USA, Europe)",0,,"nointro,retroachievements",
13349,Samurai Shodown! 2: Pocket Fighting Series,Official,105,1,local,1,"Samurai Shodown! 2 - Pocket Fighting Series (World) (En,Ja)",3,"Samurai Shodown! 2 - Pocket Fighting Series (World) (En,Ja)",0,,"nointro,retroachievements",
13350,Pac-Man,Official,15,1,local,1,"Pac-Man (World) (En,Ja)",3,"Pac-Man (World) (En,Ja)",0,,"nointro,retroachievements",
13423,SNK Gals' Fighters,Official,67,1,local,1,"SNK Gals' Fighters (USA, Europe)",3,"SNK Gals' Fighters (USA, Europe)",0,,"nointro,retroachievements",
13712,Crush Roller,Official,59,1,local,1,"Crush Roller (World) (En,Ja)",3,"Crush Roller (World) (En,Ja)",0,,"nointro,retroachievements",
14249,Fatal Fury F-Contact,Official,45,1,local,1,,0,,1,"Fatal Fury - First Contact - Pocket Fighting Series (World) (En,Ja)",retroachievements,
14250,King of Fighters R-2: Pocket Fighting Series,Official,45,1,local,1,,0,,1,"King of Fighters R-2 - Pocket Fighting Series (World) (En,Ja)",retroachievements,
14254,Neo Turf Masters,Official,30,1,local,1,,0,,1,"Neo Turf Masters - Pocket Sports Series (World) (En,Ja)",retroachievements,
14255,Pocket Tennis Color,Official,16,1,local,1,,0,,1,"Pocket Tennis Color - Pocket Sports Series (World) (En,Ja)",retroachievements,
14270,Magical Drop Pocket,Official,22,2,local,2,"Magical Drop Pocket (USA, Europe),Magical Drop Pocket (Japan)",6,"Magical Drop Pocket (USA, Europe),Magical Drop Pocket (Japan)",0,,"nointro,retroachievements",
14271,The Last Blade: Beyond the Destiny,Official,98,2,local,1,"Last Blade, The - Beyond the Destiny (USA, Europe)",3,"Last Blade, The - Beyond the Destiny (USA, Europe)",1,"Last Blade, The - Beyond the Destiny (USA, Europe)","nointro,retroachievements",
14395,SNK vs. Capcom: Card Fighters' Clash - Capcom and SNK Versions,Official,43,2,local,2,"SNK vs. Capcom - Card Fighters' Clash - Capcom Version (USA, Europe),SNK vs. Capcom - Card Fighters' Clash - SNK Version (USA, Europe)",6,"SNK vs. Capcom - Card Fighters' Clash - Capcom Version (USA, Europe),SNK vs. Capcom - Card Fighters' Clash - SNK Version (USA, Europe)",0,,"nointro,retroachievements",
14396,Delta Warp,Official,22,3,local,3,,0,,1,"Delta Warp (Japan) (En,Ja)",retroachievements,
14397,SNK vs. Capcom: Card Fighters 2: Expand Edition,Official,62,2,local,2,SNK vs. Capcom - Card Fighters 2 - Expand Edition (Japan),3,SNK vs. Capcom - Card Fighters 2 - Expand Edition (Japan),0,,"nointro,retroachievements",
14624,Puzzle Link 2,Official,58,2,local,2,"Tsunagete Pon! 2 (Japan),Puzzle Link 2 (USA, Europe)",6,"Tsunagete Pon! 2 (Japan),Puzzle Link 2 (USA, Europe)",0,,"nointro,retroachievements",
16705,Shanghai Mini,Official,32,1,local,1,"Shanghai Mini (World) (En,Ja)",3,"Shanghai Mini (World) (En,Ja)",0,,"nointro,retroachievements",
16706,Cool Boarders Pocket,Official,88,1,local,1,,0,,1,"Cool Boarders Pocket (Japan, Europe) (En,Ja)",retroachievements,
17338,Ganbare Neo Poke-kun,Official,81,1,local,1,Ganbare Neo Poke-kun (Kari) (Japan),3,Ganbare Neo Poke-kun (Kari) (Japan),0,,"nointro,retroachievements",
19896,~Homebrew~ Diamond Run,Homebrew,6,1,local,1,,0,,0,,retroachievements,
20405,Nige-Ron-Pa,Official,61,2,local,2,,0,,1,Nige-ron-pa (Japan),retroachievements,
23731,~Homebrew~ Another Day in Hell,Homebrew,10,1,local,1,,0,,0,,retroachievements,
23733,~Homebrew~ Puzzle Gems,Homebrew,8,1,local,1,,0,,0,,retroachievements,
23735,~Homebrew~ BomberMan,Homebrew,16,1,local,1,,0,,0,,retroachievements,
23737,~Homebrew~ Gears of Fate,Homebrew,10,1,local,1,,0,,0,,retroachievements,
23738,~Homebrew~ Snake,Homebrew,8,1,local,1,,0,,0,,retroachievements,
23741,~Homebrew~ Mines,Homebrew,6,1,local,1,,0,,0,,retroachievements,
23744,~Homebrew~ Blocks,Homebrew,30,1,local,1,,0,,0,,retroachievements,
23745,~Homebrew~ Lights!,Homebrew,6,1,local,1,,0,,0,,retroachievements,
23747,~Homebrew~ Mr. Do!,Homebrew,8,1,local,1,,0,,0,,retroachievements,
26881,Big Bang Pro Wrestling,Official,26,1,local,1,"Big Bang Pro Wrestling (Japan) (En,Ja)",3,"Big Bang Pro Wrestling (Japan) (En,Ja)",0,,"nointro,retroachievements",
32107,The King of Fighters: Battle de Paradise,Official,41,2,local,2,"King of Fighters, The - Battle de Paradise (Japan)",3,"King of Fighters, The - Battle de Paradise (Japan)",0,,"nointro,retroachievements",
